,Type,Symbol,Description,Close,LastWaveStart,LastwaveEnd,LastWavePeriod,LastWaveValueGain,CurrentWaveStart,CurrentPeriod,CurrentValueGain,TRelative,GainRelative,Congruence,P,DeltaN,YieldEst,GainPerDayCurrent,GainPerDayEstimated,Boll-2MA,MA2Boll+
0,bdr,NVDC34.SA,NVIDIA CORP DRN,25.7,2021-03-10,2021-11-25,260 days,102.8,2022-01-27,4 days,-0.24,1.54,-0.23,1.77,-0.3,256,103.04,-5.95,40.25,True,False
1,bdr,SSFO34.SA,SALESFORCE  DRN,53.77,2021-05-19,2021-11-04,169 days,43.46,2022-01-26,2 days,0.92,1.18,2.11,0.93,28.48,167,42.54,45.84,25.47,True,False
2,bdr,MSFT34.SA,MICROSOFT   DRN,69.09,2021-06-02,2021-12-29,210 days,45.08,2022-01-25,6 days,1.84,2.86,4.09,1.23,17.91,204,43.24,30.7,21.2,True,False
3,bdr,CMCS34.SA,COMCAST     DRN,53.52,2021-12-09,2022-01-17,39 days,7.52,2022-01-27,4 days,2.08,10.26,27.66,17.4,1.69,35,5.44,51.97,15.54,True,False
4,bdr,BERK34.SA,BERKSHIRE   DRN,83.82,2021-06-30,2022-01-10,194 days,29.65,2022-01-27,4 days,-0.03,2.06,-0.12,2.18,-0.1,190,29.69,-0.87,15.63,True,False
5,bdr,B1NT34.SA,BIONTECH SE DRN,109.59,2021-10-06,2021-11-29,54 days,45.0,2022-01-21,10 days,3.66,18.52,8.14,10.38,0.87,44,41.34,36.62,93.95,True,False
6,bdr,TSLA34.SA,TESLA INC   DRN,144.4,2021-06-04,2021-11-04,153 days,84.43,2022-01-27,4 days,-9.05,2.61,-10.72,13.34,-0.87,149,93.49,-226.35,62.74,True,False
7,bdr,PFIZ34.SA,PFIZER      DRN,73.05,2021-10-15,2021-12-20,66 days,46.16,2022-01-27,4 days,-0.1,6.06,-0.22,6.28,-0.04,62,46.26,-2.55,74.61,True,False
8,bdr,UNHH34.SA,UNITEDHEALTHDRN,70.91,2021-10-04,2021-12-29,86 days,32.48,2022-01-28,0 days,-0.37,0.0,-1.12,1.12,-9.02,86,32.85,-inf,38.19,True,False
9,bdr,CHCM34.SA,CHARTER COMMDRN,52.55,2021-12-09,2022-01-03,25 days,6.21,2022-01-26,2 days,2.77,8.0,44.53,36.53,1.25,23,3.44,138.27,14.98,True,False
10,bdr,EXXO34.SA,EXXON MOBIL DRN,100.57,2020-11-06,2022-01-25,445 days,91.3,2021-09-01,149 days,38.19,33.48,41.83,8.35,5.69,296,53.1,25.63,17.94,False,True
11,bdr,U1BE34.SA,UBER TECH INDRN,47.11,2021-09-15,2021-10-08,23 days,26.01,2022-01-27,4 days,-0.03,17.39,-0.12,17.51,-0.01,19,26.04,-0.76,137.06,True,False
12,bdr,GOGL34.SA,ALPHABET    DRN A,96.02,2021-05-18,2021-12-23,219 days,34.72,2022-01-25,6 days,0.36,2.74,1.03,1.71,1.46,213,34.36,5.97,16.13,True,False
13,bdr,FBOK34.SA,META PLAT   DRN,58.1,2021-01-14,2021-09-08,237 days,42.81,2022-01-27,4 days,1.94,1.69,4.54,2.85,2.45,233,40.87,48.57,17.54,True,False
14,bdr,N1DA34.SA,NASDAQ INC  DRN,467.65,2020-12-15,2021-10-29,318 days,68.25,2022-01-26,2 days,-2.16,0.63,-3.16,3.79,-1.13,316,70.41,-107.95,22.28,True,False
15,bdr,AAPL34.SA,APPLE       DRN,91.71,2021-11-12,2022-01-03,52 days,26.76,2022-01-27,4 days,6.16,7.69,23.03,15.34,1.61,48,20.59,154.04,42.9,True,False
16,bdr,COCA34.SA,COCA COLA   DRN,54.4,2021-06-29,2022-01-05,190 days,28.6,2021-10-01,122 days,14.37,64.21,50.24,13.97,3.87,68,14.23,11.78,20.93,True,False
17,bdr,ULEV34.SA,UNILEVER    DRN,274.4,2021-09-02,2022-01-05,125 days,7.52,2022-01-21,7 days,2.73,5.6,36.26,30.66,1.22,118,4.79,38.96,4.06,True,False
18,bdr,DISB34.SA,WALT DISNEY DRN,49.52,2021-08-10,2021-10-07,58 days,6.94,2022-01-26,5 days,0.66,8.62,9.58,0.96,236.6,53,6.28,13.3,11.84,True,False
19,bdr,BIDU34.SA,BAIDU INC   DRN,774.04,2021-08-19,2021-10-21,63 days,29.89,2021-12-03,56 days,-6.12,88.89,-20.48,109.37,-0.19,7,36.01,-10.93,514.49,False,False
20,bdr,AMZO34.SA,AMAZON      DRN,98.99,2021-08-17,2021-11-19,94 days,18.3,2022-01-26,5 days,2.35,5.32,12.86,7.55,1.97,89,15.94,47.07,17.91,True,False
21,bdr,NFLX34.SA,NETFLIX     DRN,42.47,2021-06-10,2021-10-29,141 days,47.56,2022-01-26,5 days,6.95,3.55,14.61,11.06,1.45,136,40.61,138.96,29.86,True,False
22,bdr,BKNG34.SA,BOOKING     DRN,73.12,2021-12-14,2022-01-04,21 days,14.29,2022-01-25,3 days,-0.77,14.29,-5.36,19.65,-0.29,18,15.06,-25.56,83.67,True,False
23,bdr,M1RN34.SA,MODERNA INC DRN,85.58,2021-11-19,2021-11-29,10 days,42.04,2022-01-27,4 days,1.18,40.0,2.8,37.2,0.08,6,40.87,29.42,681.1,True,False
24,bdr,MELI34.SA,MERCADOLIBREDRN,47.36,2021-12-03,2021-12-29,26 days,18.0,2022-01-26,5 days,4.14,19.23,23.02,3.79,8.26,21,13.86,82.85,65.98,True,False
25,bdr,TEXA34.SA,TEXAS INC   DRN,62.34,2021-11-16,2021-12-07,21 days,7.09,2022-01-28,0 days,-0.99,0.0,-13.95,13.95,-1.08,21,8.08,-inf,38.48,True,False
26,bdr,JNJB34.SA,JOHNSON     DRN,61.35,2021-09-22,2022-01-05,105 days,14.24,2022-01-26,5 days,-0.45,4.76,-3.17,7.94,-0.46,100,14.69,-9.04,14.69,True,False
27,bdr,FCXO34.SA,FREEPORT    DRN,191.24,2021-06-29,2022-01-13,198 days,37.48,2022-01-28,0 days,-4.89,0.0,-13.04,13.04,-1.08,198,42.37,-inf,21.4,False,False
28,bdr,A1MD34.SA,ADVANCED MICDRN,579.11,2021-09-29,2021-11-29,61 days,52.66,2022-01-28,3 days,4.67,4.92,8.86,3.95,3.01,58,47.99,155.61,82.75,True,False
29,bdr,COTY34.SA,COTY INC    DRN,21.1,2021-08-17,2022-01-04,140 days,40.89,2022-01-28,0 days,-3.08,0.0,-7.53,7.53,-1.15,140,43.97,-inf,31.4,True,False
30,bdr,FDXB34.SA,FEDEX CORP  DRN,1313.27,2021-10-04,2022-01-05,93 days,23.73,2022-01-27,1 days,-2.65,1.08,-11.18,12.26,-0.99,92,26.39,-265.37,28.68,True,False
31,bdr,UPSS34.SA,UPS         DRN,65.55,2021-12-01,2022-01-04,34 days,9.5,2022-01-28,3 days,-0.29,8.82,-3.04,11.87,-0.28,31,9.79,-9.63,31.58,True,False
32,bdr,COWC34.SA,COSTCO      DRN,65.7,2021-06-11,2021-12-29,201 days,53.96,2022-01-25,3 days,-1.75,1.49,-3.25,4.74,-0.87,198,55.71,-58.49,28.14,True,False
33,bdr,UPAC34.SA,UNIONPACIFICDRN,331.98,2021-10-01,2022-01-05,96 days,30.3,2022-01-27,1 days,-0.66,1.04,-2.19,3.23,-0.98,95,30.97,-66.43,32.6,True,False
34,bdr,CSXC34.SA,CSX CORP    DRN,93.73,2021-10-13,2022-01-07,86 days,16.66,2022-01-21,7 days,-2.97,8.14,-17.83,25.97,-0.71,79,19.63,-42.44,24.85,True,False
35,bdr,N1SC34.SA,NORFOLK SOUTDRN,374.02,2021-06-22,2021-12-29,190 days,21.93,2022-01-24,4 days,-2.37,2.11,-10.81,12.91,-0.91,186,24.3,-59.25,13.07,True,False
36,bdr,CSCO34.SA,CISCO       DRN,59.03,2020-11-06,2021-12-29,418 days,64.08,2022-01-27,1 days,-1.12,0.24,-1.75,1.99,-1.77,417,65.2,-112.06,15.64,True,False
37,bdr,MCDC34.SA,MCDONALDS   DRN,68.87,2020-12-11,2021-12-29,383 days,40.81,2022-01-27,4 days,1.47,1.04,3.59,2.55,2.32,379,39.34,36.63,10.38,True,False
38,bdr,WALM34.SA,WAL MART    DRN,46.0,2021-10-04,2021-11-01,28 days,14.31,2022-01-27,4 days,0.01,14.29,0.04,14.25,0.0,24,14.3,0.14,59.59,True,False
39,bdr,S2HO34.SA,SHOPIFY INC DRN,38.28,2021-10-04,2021-11-19,46 days,28.98,2022-01-27,1 days,-6.1,2.17,-21.06,23.24,-0.95,45,35.08,-610.26,77.95,True,False
40,bdr,EBAY34.SA,EBAY        DRN,153.9,2021-08-17,2021-10-22,66 days,14.19,2022-01-27,4 days,-1.8,6.06,-12.68,18.74,-0.71,62,15.99,-44.97,25.79,True,False
41,bdr,AVGO34.SA,BROADCOM INCDRN,84.64,2021-06-24,2021-12-23,182 days,87.37,2022-01-21,7 days,-1.59,3.85,-1.82,5.67,-0.39,175,88.96,-22.75,50.83,True,False
42,bdr,VERZ34.SA,VERIZON     DRN,47.2,2021-09-22,2022-01-05,105 days,8.77,2022-01-27,4 days,2.38,3.81,27.1,23.29,1.22,101,6.4,59.45,6.33,True,False
43,bdr,P2IN34.SA,PINTERESTINCDRN,24.0,2021-10-11,2021-10-20,9 days,22.25,2022-01-28,0 days,-1.36,0.0,-6.1,6.1,-1.2,9,23.61,-inf,262.3,False,False
44,bdr,ARMT34.SA,ARCELOR     DRN,77.6,2021-09-21,2022-01-13,114 days,30.55,2022-01-28,0 days,-0.58,0.0,-1.89,1.89,-2.13,114,31.13,-inf,27.3,True,False
45,bdr,VRTX34.SA,VERTEX PHARMDRN,308.87,2021-06-22,2022-01-17,209 days,32.18,2021-10-04,116 days,25.08,55.5,77.94,22.43,3.64,93,7.1,21.62,7.63,True,False
46,bdr,FDMO34.SA,FORD MOTORS DRN,103.64,2021-05-12,2022-01-13,246 days,91.01,2022-01-28,0 days,-1.23,0.0,-1.35,1.35,-3.88,246,92.23,-inf,37.49,True,False
47,bdr,CATP34.SA,CATERPILLAR DRN,67.28,2021-09-21,2022-01-17,118 days,27.27,2022-01-28,3 days,-5.72,2.54,-20.96,23.51,-0.93,115,32.99,-190.57,28.69,False,False
48,bdr,ABUD34.SA,AB INBEV    DRN,55.32,2021-09-15,2022-01-17,124 days,24.0,2021-11-30,62 days,3.53,50.0,14.69,35.31,0.43,62,20.48,5.69,33.03,False,False
49,bdr,WFCO34.SA,WELLS FARGO DRN,72.65,2021-09-13,2022-01-17,126 days,35.41,2022-01-28,3 days,0.24,2.38,0.69,1.69,0.99,123,35.16,8.11,28.59,True,False
50,cambio,USDBRL=X,USD/BRL,5.38,2021-09-10,2021-12-22,103 days,7.94,2022-01-31,0 days,-0.52,0.0,-6.59,6.59,-1.18,103,8.46,-inf,8.22,True,False
51,cambio,EURBRL=X,EUR/BRL,6.0,2021-11-16,2021-12-22,36 days,3.74,2022-01-31,0 days,-0.36,0.0,-9.63,9.63,-1.12,36,4.1,-inf,11.39,True,False
52,cambio,EURUSD=X,EUR/USD,1.12,2021-08-20,2021-09-07,18 days,1.46,2022-01-28,3 days,-0.7,16.67,-48.08,64.74,-0.75,15,2.16,-23.4,14.41,False,False
53,cripto,BTC-USD,Bitcoin USD,37051.52,2021-09-21,2021-11-08,48 days,48.66,2022-01-26,5 days,0.31,10.42,0.65,9.77,0.07,43,48.34,6.29,112.42,True,False
54,cripto,LTC-USD,Litecoin USD,105.84,2021-09-28,2021-11-14,47 days,69.78,2022-01-31,0 days,-2.72,0.0,-3.9,3.9,-1.34,47,72.51,-inf,154.27,True,False
55,cripto,ETH-USD,Ethereum USD,2542.22,2021-09-21,2021-11-08,48 days,52.66,2022-01-27,4 days,3.15,8.33,5.99,2.35,4.45,44,49.51,78.83,112.52,True,False
56,cripto,CET-USD,CoinExToken USD,0.05,2021-09-30,2021-11-11,42 days,83.65,2022-01-27,4 days,0.69,9.52,0.83,8.69,0.11,38,82.95,17.36,218.29,True,False
57,cripto,SOL-USD,Solana USD,93.3,2021-12-14,2021-12-27,13 days,24.73,2022-01-27,3 days,1.39,23.08,5.61,17.47,0.34,10,23.35,46.24,233.46,True,False
58,cripto,EGLD-USD,Elrond USD,137.78,2021-07-22,2021-11-22,123 days,210.72,2022-01-22,9 days,1.24,7.32,0.59,6.73,0.1,114,209.48,13.78,183.75,True,False
59,cripto,FTM-USD,Fantom USD,1.94,2021-07-20,2022-01-16,180 days,371.29,2022-01-31,0 days,-4.62,0.0,-1.24,1.24,-5.11,180,375.91,-inf,208.84,True,False
60,cripto,DOT-USD,Polkadot USD,18.08,2021-07-20,2021-11-04,107 days,178.63,2022-01-24,2 days,-3.96,1.87,-2.22,4.09,-0.72,105,182.59,-197.93,173.89,True,False
61,cripto,ADA-USD,Cardano USD,1.02,2021-12-10,2022-01-17,38 days,27.1,2022-01-31,0 days,-1.85,0.0,-6.84,6.84,-1.17,38,28.95,-inf,76.19,True,False
62,cripto,MATIC-USD,MaticNetwork USD,1.57,2021-11-18,2021-12-26,38 days,67.59,2022-01-25,6 days,4.27,15.79,6.32,9.47,0.75,32,63.32,71.18,197.86,True,False
63,cripto,LUNA1-USD,Terra USD,46.7,2021-10-19,2021-12-26,68 days,118.15,2022-01-30,1 days,-7.98,1.47,-6.75,8.22,-0.93,67,126.12,-797.52,188.25,True,False
64,cripto,AR-USD,Arweave USD,37.57,2021-12-13,2022-01-01,19 days,51.37,2022-01-26,5 days,15.07,26.32,29.34,3.02,14.52,14,36.3,301.38,259.26,True,False
65,cripto,LINK-USD,Chainlink USD,16.82,2021-09-21,2021-11-11,51 days,45.99,2022-01-27,4 days,10.44,7.84,22.7,14.86,1.64,47,35.55,261.05,75.64,True,False
66,cripto,CRO-USD,CryptocomCoin USD,0.41,2021-09-30,2021-11-23,54 days,200.97,2022-01-22,9 days,14.52,16.67,7.22,9.44,0.86,45,186.45,161.32,414.34,True,False
67,cripto,HNT-USD,Helium USD,28.98,2021-12-15,2022-01-04,20 days,43.28,2022-01-22,8 days,20.8,40.0,48.06,8.06,6.81,12,22.48,259.97,187.34,True,False
68,cripto,ATOM-USD,Cosmos USD,27.16,2021-10-18,2022-01-16,90 days,50.87,2022-01-30,0 days,-6.56,0.0,-12.89,12.89,-1.08,90,57.43,-inf,63.81,True,False
69,cripto,BNB-USD,BinanceCoin USD,371.87,2021-09-28,2021-11-08,41 days,70.29,2022-01-31,0 days,-1.52,0.0,-2.16,2.16,-1.86,41,71.81,-inf,175.14,True,False
70,cripto,ALGO-USD,Algorand USD,0.93,2021-07-21,2021-09-12,53 days,145.02,2022-01-31,0 days,-32.97,0.0,-22.73,22.73,-1.05,53,177.98,-inf,335.82,False,False
71,cripto,AVAX-USD,Avalanche USD,65.88,2021-12-13,2022-01-01,19 days,30.74,2022-01-31,0 days,-3.09,0.0,-10.04,10.04,-1.11,19,33.83,-inf,178.05,True,False
72,cripto,FIL-USD,FilecoinFutures USD,19.53,2021-07-20,2021-09-05,47 days,102.27,2022-01-25,6 days,6.18,12.77,6.04,6.73,1.05,41,96.09,102.93,234.37,True,False
73,cripto,AXS-USD,AxieInfinity USD,50.53,2021-09-21,2021-11-07,47 days,127.53,2022-01-28,3 days,7.26,6.38,5.69,0.69,18.29,44,120.27,242.06,273.34,True,False
74,cripto,MANA-USD,Decentraland USD,2.54,2021-09-28,2021-11-25,58 days,299.76,2022-01-28,3 days,12.39,5.17,4.13,1.04,104.82,55,287.37,412.96,522.49,False,True
75,cripto,THETA-USD,THETA USD,2.75,2021-12-14,2021-12-27,13 days,36.05,2022-01-31,0 days,-4.34,0.0,-12.04,12.04,-1.09,13,40.4,-inf,310.73,True,False
76,fii,KNRI11.SA,FII KINEA   CI,133.59,2021-08-23,2021-09-27,35 days,10.95,2021-11-30,62 days,4.79,177.14,43.72,133.42,0.33,-27,6.16,7.72,-22.82,True,False
77,fii,HGRE11.SA,FII HG REAL CI,132.5,2021-06-02,2021-07-23,51 days,12.77,2021-11-23,69 days,14.73,135.29,115.33,19.96,6.08,-18,-1.96,21.34,10.88,True,False
78,fii,RBVO11.SA,FII RIOBCRI2CI,12.31,2021-05-03,2021-10-15,165 days,31.52,2022-01-27,4 days,-0.64,2.42,-2.02,4.45,-0.59,161,32.16,-15.94,19.98,True,False
79,fii,HGLG11.SA,FII CSHG LOGCI,170.72,2021-09-03,2022-01-20,139 days,7.76,2021-11-24,68 days,8.41,48.92,108.33,59.41,1.85,71,-0.65,12.36,-0.91,False,True
80,fii,NPAR11.SA,FII NESTPAR CI,12.95,2021-08-30,2021-10-29,60 days,7.44,2021-12-02,60 days,13.18,100.0,177.26,77.26,2.32,0,-5.74,21.97,-inf,False,True
81,fii,PPLA11.SA,PPLA        UNT,6.01,2021-03-10,2021-04-01,22 days,20.01,2022-01-10,18 days,1.92,81.82,9.57,72.25,0.13,4,18.1,10.64,452.44,False,True
82,fii,IRDM11.SA,FII IRIDIUM CI,108.31,2021-10-04,2021-10-11,7 days,3.41,2021-12-17,45 days,7.07,642.86,207.53,435.32,0.48,-38,-3.66,15.7,9.64,False,True
83,fii,BCRI11.SA,FII BEES CRICI,111.0,2021-09-08,2022-01-28,142 days,3.38,2021-12-02,60 days,8.39,42.25,247.94,205.69,1.21,82,-5.01,13.98,-6.11,False,True
84,fii,MFII11.SA,FII MERITO ICI,109.6,2021-08-24,2021-09-30,37 days,2.29,2021-11-24,68 days,7.44,183.78,325.38,141.6,2.31,-31,-5.16,10.95,16.63,False,True
85,fii,VRTA11.SA,FII FATOR VECI,105.1,2021-07-02,2021-07-30,28 days,5.17,2021-12-02,60 days,6.51,214.29,125.92,88.36,1.44,-32,-1.34,10.84,4.19,False,True
86,fii,SARE11.SA,FII SANT RENCI,72.59,2021-09-23,2021-10-18,25 days,9.5,2021-11-30,62 days,14.82,248.0,155.97,92.03,1.71,-37,-5.32,23.91,14.38,False,False
87,fii,HABT11.SA,FII HABIT IICI,111.2,2021-10-08,2021-10-29,21 days,6.68,2021-12-15,47 days,5.74,223.81,85.95,137.86,0.63,-26,0.94,12.22,-3.61,False,True
88,fii,HSML11.SA,FII HSI MALLCI,76.05,2021-11-26,2021-12-30,34 days,15.67,2022-01-28,3 days,-0.1,8.82,-0.67,9.49,-0.08,31,15.78,-3.48,50.89,True,False
89,fii,RBRF11.SA,FII RBRALPHACI,72.9,2021-09-28,2021-10-15,17 days,6.15,2021-11-22,70 days,7.59,411.76,123.4,288.36,0.43,-53,-1.44,10.84,2.72,True,False
90,fii,BRCO11.SA,FII BRESCO  CI,97.98,2021-07-06,2021-07-19,13 days,5.93,2021-11-26,66 days,15.45,507.69,260.28,247.42,1.06,-53,-9.51,23.41,17.95,True,False
91,fii,XPLG11.SA,FII XP LOG  CI,98.76,2021-06-25,2021-07-20,25 days,5.59,2021-12-01,61 days,8.82,244.0,157.75,86.25,1.85,-36,-3.23,14.47,8.97,True,False
92,fii,MALL11.SA,FII MALLS BPCI,96.69,2021-08-17,2022-01-21,157 days,6.99,2021-11-24,68 days,15.65,43.31,223.99,180.68,1.25,89,-8.66,23.01,-9.73,False,True
93,fii,JSRE11.SA,FII JS REAL CI,80.44,2021-11-23,2021-12-30,37 days,18.61,2022-01-24,7 days,2.61,18.92,14.03,4.89,3.6,30,16.0,37.29,53.33,False,True
94,fii,MGFF11.SA,FII MOGNO   CI,64.44,2021-10-08,2021-10-15,7 days,4.64,2021-11-24,68 days,8.62,971.43,185.71,785.72,0.24,-61,-3.98,12.68,6.52,True,False
95,fii,XPSF11.SA,FII XP SELECCI,79.2,2021-06-28,2021-07-30,32 days,2.71,2021-11-24,68 days,12.32,212.5,454.59,242.09,1.89,-36,-9.61,18.12,26.69,True,False
96,fii,BTLG11.SA,FII BTLG    CI,104.93,2021-09-16,2021-10-15,29 days,2.31,2021-11-25,67 days,7.06,231.03,305.42,74.39,4.16,-38,-4.75,10.53,12.49,True,False
97,fii,RECR11.SA,FII REC RECECI,102.85,2021-08-17,2021-09-02,16 days,2.85,2021-11-24,68 days,6.05,425.0,212.4,212.6,1.0,-52,-3.2,8.89,6.15,False,True
98,fii,KNIP11.SA,FII KINEA IPCI,104.1,2021-07-01,2021-07-30,29 days,2.92,2021-11-09,83 days,3.91,286.21,133.63,152.58,0.88,-54,-0.98,4.71,1.82,False,True
99,fii,HGCR11.SA,FII CSHG CRICI,105.64,2021-06-28,2021-10-01,95 days,6.04,2021-11-26,66 days,5.1,69.47,84.35,14.87,6.08,29,0.95,7.72,3.26,True,False
100,index,^BVSP,IBOVESPA,111370.48,2021-03-08,2021-06-07,91 days,13.09,2022-01-05,26 days,7.45,28.57,56.93,28.36,2.08,65,5.64,28.66,8.67,False,True
101,index,^IXIC,NASDAQ Composite,13770.57,2021-05-19,2021-11-19,184 days,19.22,2022-01-27,1 days,1.73,0.54,9.0,8.46,1.21,183,17.49,173.07,9.56,True,False
102,index,^GSPC,S&P 500,4431.85,2020-11-03,2022-01-03,426 days,38.11,2022-01-27,1 days,1.9,0.23,4.98,4.74,1.33,425,36.21,189.64,8.52,True,False
103,index,^DJI,Dow Jones Industrial Average,34725.47,2021-09-30,2022-01-04,96 days,7.01,2022-01-27,1 days,1.63,1.04,23.26,22.22,1.1,95,5.38,163.16,5.66,True,False
104,index,^MERV,MERVAL,88269.83,2021-07-19,2021-11-08,112 days,43.62,2021-11-29,60 days,10.34,53.57,23.7,29.88,0.82,52,33.29,17.23,64.01,False,False
105,index,^NYA,NYSE COMPOSITE (DJ),16397.86,2021-09-30,2022-01-12,104 days,6.25,2022-01-27,1 days,1.0,0.96,16.03,15.07,1.14,103,5.25,100.17,5.09,True,False
106,index,^XAX,NYSE AMEX COMPOSITE INDEX,3586.85,2020-10-01,2022-01-12,468 days,67.96,2021-08-19,162 days,21.24,34.62,31.25,3.37,13.19,306,46.73,13.11,15.27,False,True
107,index,^BUK100P,Cboe UK 100,742.18,2021-02-26,2022-01-17,325 days,13.73,2021-09-20,133 days,7.51,40.92,54.72,13.8,4.28,192,6.22,5.65,3.24,True,False
108,index,^RUT,Russell 2000,1968.51,2021-08-19,2021-11-08,81 days,12.75,2022-01-27,1 days,-0.36,1.23,-2.81,4.04,-0.92,80,13.11,-35.82,16.39,True,False
109,index,^VIX,CBOE Volatility Index,27.66,2021-11-03,2022-01-26,84 days,100.81,2022-01-03,25 days,53.76,29.76,53.32,23.56,2.36,59,47.06,215.02,79.76,False,True
110,index,^FTSE,FTSE 100,7470.58,2021-09-21,2022-01-17,118 days,10.01,2021-11-30,62 days,5.12,52.54,51.17,1.37,138.66,56,4.89,8.26,8.73,True,False
111,index,^GDAXI,DAX PERFORMANCE-INDEX,15398.32,2021-12-03,2022-01-05,33 days,6.52,2022-01-24,7 days,-1.21,21.21,-18.62,39.83,-0.48,26,7.73,-17.34,29.75,True,False
112,index,^FCHI,CAC 40,6958.19,2021-12-03,2022-01-05,33 days,8.32,2022-01-24,7 days,-1.46,21.21,-17.59,38.8,-0.47,26,9.78,-20.9,37.62,True,False
113,index,^STOXX50E,ESTX 50 PR.EUR,4149.5,2021-12-03,2022-01-05,33 days,6.82,2022-01-24,7 days,-1.79,21.21,-26.24,47.45,-0.56,26,8.61,-25.58,33.13,True,False
114,index,^N100,Euronext 100 Index,1310.27,2021-12-03,2022-01-05,33 days,6.08,2022-01-24,7 days,-1.77,21.21,-29.13,50.34,-0.59,26,7.85,-25.3,30.2,True,False
115,index,^BFX,BEL 20,4053.03,2021-12-14,2022-01-04,21 days,5.13,2022-01-24,7 days,-2.24,33.33,-43.68,77.01,-0.57,14,7.37,-31.99,52.62,True,False
116,index,IMOEX.ME,MOEX Russia Index,3540.78,2021-12-13,2022-01-04,22 days,3.17,2022-01-24,7 days,3.2,31.82,100.78,68.96,1.48,15,-0.02,45.68,-0.17,True,False
117,index,^N225,Nikkei 225,27001.98,2021-10-13,2021-11-16,34 days,5.56,2022-01-27,4 days,0.04,11.76,0.76,11.01,0.08,30,5.52,1.05,18.41,True,False
118,index,^HSI,HANG SENG INDEX,23802.26,2021-10-06,2021-10-20,14 days,8.2,2022-01-05,26 days,2.37,185.71,28.86,156.85,0.19,-12,5.84,9.11,-48.63,True,False
119,index,000001.SS,SSE Composite Index,3361.44,2021-11-05,2021-12-13,38 days,4.32,2022-01-28,0 days,-0.97,0.0,-22.35,22.35,-1.05,38,5.29,-inf,13.92,False,False
120,index,399001.SZ,Shenzhen Component,13328.06,2021-10-12,2021-12-13,62 days,5.86,2022-01-28,0 days,-0.53,0.0,-9.02,9.02,-1.12,62,6.39,-inf,10.3,False,False
121,index,^JKSE,Composite Index,6631.15,2021-02-02,2022-01-21,353 days,11.02,2021-05-24,252 days,14.35,71.39,130.25,58.86,2.25,101,-3.33,5.69,-3.3,True,False
122,index,MSCI,MSCI Inc,508.13,2021-10-04,2021-11-16,43 days,10.6,2022-01-27,1 days,3.25,2.33,30.7,28.38,1.12,42,7.34,325.35,17.49,True,False
123,index,^TNX,CBOE Interest Rate 10 Year T No,1.81,2020-08-04,2022-01-18,532 days,142.38,2021-08-02,182 days,43.66,34.21,30.67,3.54,12.05,350,98.72,23.99,28.21,False,True
124,bov,GGBR4.SA,GERDAU      PN      N1,27.85,2021-11-10,2021-12-16,36 days,22.44,2022-01-25,6 days,0.21,16.67,0.93,15.74,0.06,30,22.23,3.47,74.1,True,False
125,bov,SUZB3.SA,SUZANO S.A. ON      NM,59.31,2021-07-30,2022-01-18,172 days,14.34,2021-10-27,96 days,18.39,55.81,128.26,72.45,1.8,76,-4.05,19.16,-5.33,True,False
126,bov,HAPV3.SA,HAPVIDA     ON      NM,12.38,2021-10-26,2021-11-11,16 days,15.26,2022-01-05,26 days,23.52,162.5,154.09,8.41,20.78,-10,-8.26,90.47,82.56,False,True
127,bov,BBDC4.SA,BRADESCO    PN      N1,22.5,2021-11-04,2022-01-28,85 days,12.69,2021-12-30,32 days,15.67,37.65,123.49,85.85,1.46,53,-2.98,48.96,-5.62,False,True
128,bov,ABEV3.SA,AMBEV S/A   ON,14.88,2021-10-22,2021-11-05,14 days,17.29,2022-01-20,11 days,2.44,78.57,14.09,64.48,0.22,3,14.85,22.15,495.06,False,True
129,bov,VIVT3.SA,TELEF BRASILON,49.02,2021-07-27,2021-11-19,115 days,27.85,2022-01-14,17 days,4.2,14.78,15.08,0.3,21.44,98,23.65,24.7,24.13,False,True
130,bov,WEGE3.SA,WEG         ON      NM,31.63,2021-11-30,2021-12-16,16 days,9.63,2022-01-10,21 days,7.86,131.25,81.57,49.68,1.68,-5,1.77,37.41,-35.5,False,True
131,bov,NEOE3.SA,NEOENERGIA  ON      NM,16.27,2021-10-06,2021-12-03,58 days,20.83,2022-01-10,21 days,10.36,36.21,49.72,13.51,3.97,37,10.47,49.32,28.31,False,True
132,bov,ETER3.SA,ETERNIT     ON      NM,16.97,2021-10-29,2021-12-28,60 days,45.99,2022-01-24,7 days,3.16,11.67,6.87,4.8,1.81,53,42.83,45.13,80.82,False,True
133,bov,ENEV3.SA,ENEVA       ON      NM,12.67,2021-10-22,2021-11-19,28 days,6.47,2022-01-18,13 days,0.62,46.43,9.64,36.78,0.27,15,5.84,4.8,38.95,False,True
134,bov,BPAC11.SA,BTGP BANCO  UNT     N2,23.47,2021-03-18,2021-07-26,130 days,33.16,2022-01-18,13 days,18.05,10.0,54.43,44.43,1.25,117,15.11,138.82,12.92,False,True
135,bov,CSNA3.SA,SID NACIONALON,25.0,2021-06-17,2021-07-29,42 days,13.97,2021-11-18,74 days,21.0,176.19,150.31,25.88,6.04,-32,-7.03,28.38,21.97,True,False
136,bov,ITUB4.SA,ITAUUNIBANCOPN      N1,24.58,2021-03-01,2021-06-16,107 days,28.53,2021-12-30,32 days,14.7,29.91,51.51,21.6,2.5,75,13.84,45.92,18.45,False,True
137,bov,VALE3.SA,VALE        ON      NM,82.05,2021-02-02,2021-05-11,98 days,32.2,2021-11-18,74 days,24.53,75.51,76.17,0.66,223.1,24,7.67,33.15,31.98,True,False
138,bov,PETR4.SA,PETROBRAS   PN      N2,32.82,2021-08-04,2022-01-27,176 days,44.09,2021-09-20,133 days,41.71,75.57,94.6,19.03,5.25,43,2.38,31.36,5.54,False,True
139,bov,CAML3.SA,CAMIL       ON      NM,8.82,2021-08-16,2021-12-30,136 days,30.83,2022-01-31,0 days,-1.34,0.0,-4.35,4.35,-1.3,136,32.17,-inf,23.65,True,False
140,bov,TOTS3.SA,TOTVS       ON      NM,27.91,2021-10-22,2021-11-11,20 days,11.35,2022-01-18,13 days,10.3,65.0,90.81,25.81,3.66,7,1.04,79.27,14.91,False,True
141,bov,USIM5.SA,USIMINAS    PNA     N1,15.86,2021-06-17,2021-08-10,54 days,20.53,2021-11-05,87 days,29.38,161.11,143.11,18.0,8.42,-33,-8.85,33.77,26.82,True,False
142,bov,RADL3.SA,RAIADROGASILON      NM,22.73,2021-12-02,2021-12-30,28 days,11.23,2022-01-24,7 days,8.01,25.0,71.26,46.26,1.57,21,3.23,114.36,15.37,False,True
143,bov,GFSA3.SA,GAFISA      ON      NM,1.99,2021-05-24,2021-06-14,21 days,14.25,2022-01-18,13 days,14.96,61.9,104.98,43.07,2.5,8,-0.71,115.06,-8.87,False,True
144,bov,MEAL3.SA,IMC S/A     ON      NM,2.43,2021-05-13,2021-06-21,39 days,24.33,2022-01-18,13 days,13.19,33.33,54.23,20.9,2.73,26,11.13,101.49,42.82,False,True
145,bov,UNIP3.SA,UNIPAR      ON,90.28,2021-11-04,2021-12-30,56 days,35.05,2022-01-27,4 days,0.99,7.14,2.82,4.33,0.85,52,34.06,24.67,65.51,True,False
146,bov,CVCB3.SA,CVC BRASIL  ON      NM,13.71,2021-03-09,2021-06-28,111 days,68.38,2022-01-18,13 days,17.75,11.71,25.96,14.24,1.96,98,50.63,136.52,51.66,False,True
147,bov,LREN3.SA,LOJAS RENNERON      NM,27.99,2021-02-26,2021-06-08,102 days,30.76,2022-01-05,26 days,21.49,25.49,69.87,44.38,1.61,76,9.27,82.66,12.2,False,True
148,bov,BOBR4.SA,BOMBRIL     PN,1.57,2021-05-28,2021-06-10,13 days,34.8,2022-01-18,13 days,6.1,100.0,17.53,82.47,0.22,0,28.7,46.92,inf,False,True
149,bov,BRPR3.SA,BR PROPERT  ON      NM,7.18,2021-08-17,2021-09-13,27 days,10.8,2022-01-10,21 days,11.2,77.78,103.69,25.91,4.16,6,-0.4,53.31,-6.64,False,True
150,bov,RAPT3.SA,RANDON PART ON      N1,12.47,2021-08-17,2021-09-30,44 days,17.69,2021-12-16,46 days,-0.84,104.55,-4.73,109.28,-0.04,-2,18.53,-1.82,-926.48,True,False
151,bov,POMO4.SA,MARCOPOLO   PN      N2,3.38,2021-05-04,2021-07-05,62 days,35.33,2021-11-30,62 days,25.21,100.0,71.34,28.66,2.58,0,10.13,40.65,inf,False,True
152,bov,RAIL3.SA,RUMO S.A.   ON      NM,15.66,2021-10-29,2021-12-15,47 days,15.95,2022-01-31,0 days,-0.82,0.0,-5.16,5.16,-1.24,47,16.77,-inf,35.68,True,False
153,bov,LAME4.SA,LOJAS AMERICPN      N1,6.55,2021-10-04,2021-11-12,39 days,32.09,2022-01-10,11 days,23.66,28.21,73.73,45.52,1.66,28,8.43,215.07,30.11,False,False
154,bov,CCRO3.SA,CCR SA      ON      NM,12.71,2021-04-30,2021-06-07,38 days,13.36,2022-01-10,21 days,12.42,55.26,92.98,37.71,2.53,17,0.94,59.16,5.52,False,True
155,bov,GUAR3.SA,GUARARAPES  ON,12.18,2021-03-03,2021-06-08,97 days,68.4,2022-01-18,13 days,32.93,13.4,48.15,34.75,1.43,84,35.47,253.34,42.22,False,True
156,bov,CSAN3.SA,COSAN       ON      NM,23.29,2021-10-29,2022-01-27,90 days,17.61,2022-01-10,21 days,16.55,23.33,93.99,70.65,1.35,69,1.06,78.81,1.53,False,True
157,bov,SANB11.SA,SANTANDER BRUNT,32.75,2021-03-01,2021-06-07,98 days,23.04,2021-12-30,32 days,8.07,32.65,35.03,2.38,25.36,66,14.96,25.22,22.67,False,True
158,bov,MNPR3.SA,MINUPAR     ON,5.96,2021-09-08,2021-09-28,20 days,8.84,2022-01-10,18 days,1.28,90.0,14.49,75.51,0.19,2,7.56,7.11,377.94,True,False
159,bov,TAEE11.SA,TAESA       UNT     N2,37.75,2021-07-01,2021-08-20,50 days,9.52,2021-11-23,69 days,10.65,138.0,111.89,26.11,4.46,-19,-1.13,15.44,5.96,False,True
160,bov,CMIG3.SA,CEMIG       ON      N1,18.12,2021-07-19,2021-12-30,164 days,27.93,2021-08-16,168 days,32.22,102.44,115.36,12.92,9.67,-4,-4.29,19.18,107.26,False,True
161,bov,BBAS3.SA,BRASIL      ON      NM,32.4,2021-09-20,2021-12-06,77 days,16.11,2022-01-05,26 days,11.73,33.77,72.81,39.05,1.91,51,4.38,45.13,8.59,False,True
162,bov,BRAP4.SA,BRADESPAR   PN      N1,26.83,2021-12-09,2022-01-19,41 days,26.46,2021-12-09,53 days,19.78,129.27,74.77,54.5,1.4,-12,6.68,37.33,-55.63,True,False
163,bov,CRFB3.SA,CARREFOUR BRON      NM,16.46,2021-03-03,2021-06-10,99 days,27.3,2022-01-07,24 days,14.68,24.24,53.76,29.52,1.89,75,12.62,61.16,16.83,False,True
164,bov,MYPK3.SA,IOCHP-MAXIONON      NM,14.7,2021-08-17,2021-10-18,62 days,34.11,2021-12-01,61 days,9.39,98.39,27.52,70.87,0.39,1,24.72,15.39,2471.99,False,True
165,bov,JBSS3.SA,JBS         ON      NM,35.74,2021-06-25,2021-12-29,187 days,37.93,2021-12-03,59 days,5.15,31.55,13.57,17.98,0.8,128,32.78,8.72,25.61,True,False
166,bov,GRND3.SA,GRENDENE    ON      NM,8.93,2021-03-01,2021-08-12,164 days,66.15,2022-01-05,26 days,12.62,15.85,19.08,3.22,8.59,138,53.53,48.53,38.79,False,True
167,bov,SHOW3.SA,TIME FOR FUNON      NM,3.41,2021-08-16,2021-09-03,18 days,10.74,2022-01-24,7 days,14.09,38.89,131.17,92.28,1.44,11,-3.35,201.31,-30.44,False,True
168,bov,FLRY3.SA,FLEURY      ON      NM,19.87,2021-05-03,2021-05-20,17 days,8.05,2022-01-05,26 days,20.12,152.94,249.93,96.99,2.6,-9,-12.07,77.4,134.14,False,True
169,bov,AGRO3.SA,BRASILAGRO  ON      NM,27.67,2021-08-17,2021-10-15,59 days,25.44,2021-12-01,61 days,16.88,103.39,66.34,37.05,1.84,-2,8.56,27.67,-428.23,False,True
170,bov,CYRE3.SA,CYRELA REALTON      NM,17.31,2021-03-09,2021-06-14,97 days,13.82,2022-01-18,13 days,20.92,13.4,151.34,137.94,1.11,84,-7.1,160.9,-8.45,False,True
171,bov,CEBR3.SA,CEB         ON,15.95,2021-10-11,2021-10-14,3 days,-294.11,2022-01-21,10 days,2.95,333.33,-1.0,334.34,-0.0,-7,-297.07,29.51,4243.79,False,True
172,bov,CPLE3.SA,COPEL       ON      N2,6.21,2021-07-08,2022-01-31,207 days,19.37,2021-11-08,84 days,13.88,40.58,71.65,31.07,2.38,123,5.49,16.52,4.46,False,True
173,bov,TRPL4.SA,TRAN PAULISTPN      N1,24.14,2021-08-19,2021-12-22,125 days,12.14,2022-01-13,18 days,2.28,14.4,18.76,4.36,5.58,107,9.86,12.65,9.22,False,True
174,bov,MTSA4.SA,METISA      PN,41.59,2021-08-17,2021-10-28,72 days,22.15,2021-09-21,132 days,10.99,183.33,49.63,133.7,0.37,-60,11.16,8.33,-18.6,False,True
175,bov,EMBR3.SA,EMBRAER     ON      NM,19.86,2021-09-22,2021-10-14,22 days,26.72,2022-01-28,3 days,-1.02,13.64,-3.83,17.47,-0.23,19,27.75,-34.13,146.03,True,False
176,bov,ABCB4.SA,ABC BRASIL  PN      N2,15.82,2021-09-29,2021-12-10,72 days,19.95,2022-01-05,26 days,0.74,36.11,3.73,32.39,0.12,46,19.21,2.86,41.76,False,True
177,bov,BRML3.SA,BR MALLS PARON      NM,9.46,2021-10-26,2022-01-31,97 days,28.89,2022-01-10,21 days,26.94,21.65,93.26,71.61,1.32,76,1.95,128.29,2.56,False,True
178,bov,SLCE3.SA,SLC AGRICOLAON      NM,46.46,2021-08-31,2022-01-19,141 days,24.07,2021-12-20,42 days,30.09,29.79,124.98,95.19,1.33,99,-6.01,71.63,-6.07,False,True
179,bov,NTCO3.SA,GRUPO NATURAON      NM,21.86,2021-05-12,2021-07-12,61 days,22.21,2022-01-18,13 days,3.59,21.31,16.16,5.15,3.89,48,18.62,27.61,38.8,True,False
180,bov,SEER3.SA,SER EDUCA   ON      NM,11.4,2021-03-18,2021-06-23,97 days,51.46,2022-01-05,26 days,15.43,26.8,29.98,3.18,13.75,71,36.03,59.35,50.75,False,True
181,bov,FRAS3.SA,FRAS-LE     ON      N1,12.23,2021-05-27,2021-08-09,74 days,44.64,2022-01-28,3 days,0.49,4.05,1.11,2.95,0.57,71,44.15,16.45,62.18,True,False
182,bov,PCAR3.SA,P.ACUCAR-CBDON      NM,22.34,2020-10-30,2021-06-04,217 days,210.12,2022-01-17,14 days,11.99,6.45,5.71,0.74,22.26,203,198.13,85.67,97.6,False,False
183,bov,TEND3.SA,TENDA       ON      NM,15.65,2021-05-21,2021-06-18,28 days,5.98,2022-01-18,13 days,6.13,46.43,102.38,55.95,1.86,15,-0.14,47.12,-0.95,False,True
184,bov,SMTO3.SA,SAO MARTINHOON      NM,37.39,2021-09-08,2021-11-08,61 days,27.93,2022-01-10,21 days,11.32,34.43,40.52,6.1,7.95,40,16.61,53.89,41.52,False,True
185,bov,SBFG3.SA,GRUPO SBF   ON      NM,25.69,2021-03-09,2021-07-12,125 days,59.51,2022-01-05,26 days,24.15,20.8,40.59,19.79,2.16,99,35.36,92.89,35.71,False,True
186,bov,BRFS3.SA,BRF SA      ON      NM,22.46,2021-09-20,2021-10-01,11 days,16.54,2021-12-13,49 days,12.26,445.45,74.14,371.32,0.2,-38,4.28,25.03,-11.26,True,False
187,bov,EMAE4.SA,EMAE        PN,50.85,2021-12-03,2021-12-30,27 days,39.8,2022-01-28,3 days,-0.21,11.11,-0.54,11.65,-0.05,24,40.01,-7.13,166.71,True,False
188,bov,BIOM3.SA,BIOMM       ON      MA,14.15,2021-08-18,2021-10-04,47 days,27.62,2021-12-09,53 days,8.0,112.77,28.96,83.81,0.35,-6,19.62,15.09,-327.07,False,True
189,bov,SULA11.SA,SUL AMERICA UNT     N2,25.66,2021-10-06,2021-11-10,35 days,19.1,2022-01-18,13 days,10.71,37.14,56.06,18.92,3.13,22,8.39,82.35,38.14,False,True
190,bov,YDUQ3.SA,YDUQS PART  ON      NM,21.95,2021-10-29,2021-12-16,48 days,10.55,2022-01-10,21 days,16.05,43.75,152.1,108.35,1.42,27,-5.5,76.42,-20.36,False,False
191,bov,RENT3.SA,LOCALIZA    ON      NM,58.32,2021-10-29,2021-12-16,48 days,27.37,2022-01-10,21 days,17.12,43.75,62.55,18.8,3.51,27,10.25,81.53,37.97,False,True
192,bov,AZUL4.SA,AZUL        PN      N2,27.56,2021-03-29,2021-06-08,71 days,28.34,2021-12-02,60 days,25.91,84.51,91.45,6.94,15.4,11,2.42,43.19,22.04,False,True
193,bov,GOLL4.SA,GOL         PN      N2,17.11,2021-12-01,2021-12-22,21 days,17.19,2022-01-05,26 days,5.28,123.81,30.74,93.07,0.33,-5,11.9,20.32,-238.06,False,True
194,bov,IGTI3.SA,IGUATEMI S.AON      N1,3.42,2021-03-01,2021-07-16,137 days,54.91,2022-01-05,26 days,33.49,18.98,60.98,42.0,1.49,111,21.43,128.79,19.31,False,True
195,bov,ALSO3.SA,ALIANSCSONAEON      NM,22.17,2021-10-29,2021-11-19,21 days,14.93,2022-01-10,21 days,17.94,100.0,120.17,20.17,6.27,0,-3.01,85.41,-inf,False,True
196,bov,BEEF3.SA,MINERVA     ON      NM,9.61,2021-12-01,2021-12-29,28 days,22.14,2022-01-27,4 days,0.21,14.29,0.97,13.32,0.08,24,21.92,5.36,91.34,True,False
197,bov,COGN3.SA,COGNA ON    ON      NM,2.55,2021-03-01,2021-06-21,112 days,28.92,2022-01-10,21 days,21.47,18.75,74.26,55.51,1.36,91,7.44,102.26,8.18,False,True
198,bov,PRIO3.SA,PETRORIO    ON      NM,23.66,2021-08-17,2021-10-14,58 days,54.98,2022-01-05,26 days,14.52,44.83,26.42,18.41,1.52,32,40.45,55.86,126.42,False,True
199,bov,HYPE3.SA,HYPERA      ON      NM,30.17,2021-12-01,2022-01-31,61 days,12.16,2022-01-11,20 days,12.14,32.79,99.79,67.0,1.51,41,0.03,60.68,0.06,False,True
200,bov,SAPR4.SA,SANEPAR     PN      N2,3.92,2021-03-01,2021-03-19,18 days,12.19,2022-01-10,21 days,9.81,116.67,80.52,36.14,2.29,-3,2.37,46.73,-79.12,False,True
201,bov,BRKM5.SA,BRASKEM     PNA     N1,49.97,2021-11-17,2021-12-07,20 days,33.96,2022-01-27,4 days,4.87,20.0,14.35,5.65,3.09,16,29.08,121.86,181.77,True,False
202,bov,MILS3.SA,MILLS       ON      NM,6.45,2021-10-29,2021-12-14,46 days,33.71,2022-01-18,13 days,14.09,28.26,41.81,13.55,3.33,33,19.62,108.41,59.44,False,True
203,bov,OIBR3.SA,OI          ON      N1,1.06,2021-10-07,2021-10-19,12 days,16.51,2022-01-10,21 days,42.27,175.0,256.03,81.03,3.2,-9,-25.76,201.29,286.23,False,True
204,bov,JHSF3.SA,JHSF PART   ON      NM,6.33,2021-12-01,2022-01-31,61 days,31.91,2022-01-17,14 days,27.27,22.95,85.46,62.51,1.39,47,4.64,194.79,9.87,False,True
205,bov,UCAS3.SA,UNICASA     ON      NM,3.71,2021-03-24,2021-06-14,82 days,33.14,2022-01-18,13 days,0.21,15.85,0.63,15.22,0.04,69,32.93,1.62,47.72,True,False
206,bov,MULT3.SA,MULTIPLAN   ON      N2,21.52,2021-10-26,2022-01-31,97 days,22.33,2022-01-10,21 days,26.18,21.65,117.23,95.58,1.24,76,-3.85,124.65,-5.06,False,True
207,bov,EZTC3.SA,EZTEC       ON      NM,21.77,2021-05-24,2021-06-14,21 days,14.36,2022-01-18,13 days,16.95,61.9,118.0,56.09,2.14,8,-2.58,130.35,-32.31,False,True
208,bov,LPSB3.SA,LOPES BRASILON      NM,2.84,2021-03-10,2021-05-11,62 days,47.09,2022-01-06,25 days,33.69,40.32,71.53,31.21,2.37,37,13.41,134.74,36.23,False,True
209,bov,MGLU3.SA,MAGAZ LUIZA ON      NM,6.82,2021-05-21,2021-07-16,56 days,25.59,2021-12-14,48 days,16.08,85.71,62.81,22.9,2.87,8,9.52,33.49,118.98,False,True
210,bov,VIIA3.SA,VIA         ON      NM,4.65,2021-03-09,2021-06-28,111 days,35.71,2022-01-18,13 days,18.37,11.71,51.45,39.73,1.33,98,17.34,141.31,17.69,False,True
211,bov,ANIM3.SA,ANIMA       ON      NM,8.39,2021-10-29,2021-12-10,42 days,32.07,2022-01-10,21 days,17.61,50.0,54.91,4.91,14.05,21,14.46,83.86,68.87,False,True
212,bov,MOVI3.SA,MOVIDA      ON      NM,16.54,2021-10-29,2021-12-10,42 days,21.14,2022-01-10,21 days,19.76,50.0,93.47,43.47,2.2,21,1.38,94.1,6.58,False,True
213,bov,ELET3.SA,ELETROBRAS  ON      N1,35.16,2021-09-08,2021-10-18,40 days,8.32,2022-01-10,21 days,15.08,52.5,181.24,128.74,1.42,19,-6.76,71.79,-35.57,False,True
214,bov,B3SA3.SA,B3          ON      NM,14.68,2021-06-10,2021-07-14,34 days,5.88,2022-01-03,28 days,29.08,82.35,494.6,412.25,1.2,6,-23.2,103.85,-386.64,False,True
215,bov,KLBN11.SA,KLABIN S/A  UNT     N2,24.99,2021-10-19,2021-12-17,59 days,15.65,2022-01-25,6 days,3.14,10.17,20.07,9.9,2.25,53,12.51,52.35,23.59,True,False
216,bov,ROMI3.SA,INDS ROMI   ON      NM,16.25,2020-09-23,2021-04-19,208 days,164.23,2021-11-18,74 days,13.2,35.58,8.04,27.54,0.3,134,151.02,17.84,112.7,False,True
217,bov,IRBR3.SA,IRBBRASIL REON      NM,3.25,2021-03-09,2021-05-13,65 days,11.32,2022-01-24,7 days,-2.48,10.77,-21.89,32.66,-0.69,58,13.79,-35.39,23.78,True,False
218,bov,PTBL3.SA,PORTOBELLO  ON      NM,9.19,2021-11-30,2021-12-16,16 days,23.14,2022-01-07,24 days,18.3,150.0,79.07,70.93,1.13,-8,4.84,76.25,-60.55,False,True
219,bov,RNEW3.SA,RENOVA      ON      N2,2.41,2021-03-09,2021-06-09,92 days,58.65,2022-01-17,14 days,6.87,15.22,11.71,3.51,4.66,78,51.79,49.04,66.39,False,True
220,bov,ENAT3.SA,ENAUTA PART ON      NM,15.66,2021-11-19,2022-01-31,73 days,21.27,2022-01-06,25 days,20.95,34.25,98.51,64.26,1.56,48,0.32,83.81,0.66,False,True
221,bov,AMER3.SA,AMERICANAS  ON      NM,32.01,2021-10-04,2021-10-20,16 days,23.12,2022-01-10,21 days,15.54,131.25,67.21,64.04,1.07,-5,7.58,73.99,-151.63,False,True
222,bov,ITSA3.SA,ITAUSA      ON      N1,10.16,2021-03-01,2021-06-07,98 days,17.75,2022-01-03,28 days,10.37,28.57,58.44,29.87,2.02,70,7.38,37.05,10.54,False,True
223,bov,SQIA3.SA,SINQIA      ON      NM,18.44,2021-03-09,2021-07-22,135 days,45.94,2022-01-18,13 days,30.68,9.63,66.79,57.16,1.19,122,15.26,236.01,12.51,False,True
224,bov,MRFG3.SA,MARFRIG     ON      NM,22.59,2021-06-08,2021-10-14,128 days,49.27,2021-12-13,49 days,14.57,38.28,29.57,8.72,3.83,79,34.7,29.73,43.93,False,True
225,bov,TCNO4.SA,TECNOSOLO   PN,1.35,2021-12-15,2022-01-06,22 days,132.7,2022-01-26,5 days,3.04,22.73,2.29,20.44,0.12,17,129.66,60.73,762.71,True,False
226,bov,BIDI3.SA,BANCO INTER ON      N2,8.29,2021-06-15,2021-07-21,36 days,27.76,2022-01-31,0 days,-13.38,0.0,-48.18,48.18,-1.02,36,41.14,-inf,114.27,True,False
227,bov,BIDI4.SA,BANCO INTER PN      N2,8.29,2021-06-08,2021-07-21,43 days,28.65,2022-01-31,0 days,-12.64,0.0,-44.13,44.13,-1.02,43,41.3,-inf,96.04,False,False
228,bov,BIDI11.SA,BANCO INTER UNT     N2,24.91,2021-06-15,2021-07-21,36 days,29.59,2022-01-31,0 days,-13.05,0.0,-44.12,44.12,-1.02,36,42.64,-inf,118.46,False,False
229,bov,EVEN3.SA,EVEN        ON      NM,7.32,2021-03-09,2021-06-18,101 days,18.46,2021-12-01,61 days,20.31,60.4,110.06,49.66,2.26,40,-1.86,33.3,-4.64,False,True
230,bov,HBOR3.SA,HELBOR      ON      NM,4.26,2021-03-09,2021-06-07,90 days,27.49,2022-01-18,13 days,9.15,14.44,33.27,18.83,1.87,77,18.34,70.36,23.82,False,True
231,bov,ENGI3.SA,ENERGISA    ON      N2,13.69,2021-09-28,2021-12-10,73 days,16.08,2022-01-14,17 days,4.73,23.29,29.44,6.15,5.71,56,11.35,27.85,20.26,False,True
232,bov,OMGE3.SA,OMEGA GER   ON      NM,27.43,2021-08-17,2021-09-21,35 days,8.63,2021-12-14,9 days,1.53,25.71,17.78,7.94,2.56,26,7.1,17.05,27.3,False,True
233,bov,FHER3.SA,FER HERINGERON      NM,16.13,2021-08-17,2021-09-15,29 days,80.68,2022-01-31,0 days,0.31,0.0,0.39,0.39,0.63,29,80.37,inf,277.15,True,False
234,bov,ALUP11.SA,ALUPAR      UNT     N2,25.15,2021-03-03,2021-06-04,93 days,23.33,2022-01-10,21 days,6.48,22.58,27.76,5.18,6.64,72,16.85,30.84,23.41,False,False
235,bov,AZEV4.SA,AZEVEDO     PN,3.37,2021-11-30,2021-12-23,23 days,43.07,2022-01-24,7 days,-0.55,30.43,-1.27,31.7,-0.04,16,43.61,-7.8,272.58,True,False
236,bov,FESA4.SA,FERBASA     PN      N1,47.01,2021-11-26,2021-12-13,17 days,17.99,2022-01-26,5 days,4.84,29.41,26.91,2.5,17.9,12,13.15,96.83,109.59,False,True
237,bov,BBRK3.SA,BR BROKERS  ON      NM,1.25,2021-06-11,2021-06-23,12 days,96.94,2022-01-18,13 days,26.63,108.33,27.47,80.86,0.34,-1,70.31,204.87,-7031.12,False,True
238,bov,ENMT3.SA,ENERGISA MT ON,79.42,2021-12-28,2022-01-19,22 days,2.09,2022-01-31,0 days,-0.71,0.0,-34.14,34.14,-1.03,22,2.8,-inf,12.73,False,False
239,bov,BMEB4.SA,MERC BRASIL PN      N1,11.34,2021-01-05,2022-01-28,388 days,56.77,2021-11-10,79 days,26.5,20.36,46.67,26.31,1.84,309,30.28,33.54,9.8,False,False
240,bov,VIVR3.SA,VIVER       ON      NM,1.2,2021-06-14,2021-06-23,9 days,179.42,2022-01-10,21 days,11.63,233.33,6.48,226.85,0.03,-12,167.79,55.39,-1398.25,False,False
241,bov,RCSL4.SA,RECRUSUL    PN,1.2,2021-12-06,2021-12-14,8 days,10.32,2022-01-10,21 days,5.76,262.5,55.84,206.66,0.27,-13,4.56,27.43,-35.04,False,True
242,bov,TECN3.SA,TECHNOS     ON      NM,2.38,2021-07-30,2021-10-19,81 days,48.51,2022-01-10,21 days,19.75,25.93,40.7,14.78,2.95,60,28.77,94.03,47.95,False,True
243,bov,CRIV3.SA,ALFA FINANC ON,5.19,2021-12-01,2022-01-27,57 days,6.59,2021-12-27,32 days,5.31,56.14,80.6,24.46,3.44,25,1.28,16.6,5.11,False,True
244,bov,HETA4.SA,HERCULES    PN,7.88,2021-09-03,2021-11-24,82 days,45.69,2022-01-05,23 days,2.06,28.05,4.51,23.54,0.2,59,43.63,8.96,73.94,True,False
245,bov,RRRP3.SA,3R PETROLEUMON      NM,39.39,2021-09-20,2021-10-05,15 days,23.51,2021-11-26,66 days,30.7,440.0,130.59,309.41,0.42,-51,-7.19,46.52,14.1,False,True
246,bov,AERI3.SA,AERIS       ON      NM,6.13,2021-08-16,2021-09-17,32 days,24.67,2022-01-18,13 days,2.27,40.62,9.19,31.43,0.3,19,22.4,17.45,117.92,False,True
247,bov,AESB3.SA,AES BRASIL  ON      NM,11.64,2021-08-11,2021-09-01,21 days,14.4,2022-01-10,21 days,12.52,100.0,86.99,13.01,7.24,0,1.87,59.64,inf,False,True
248,bov,AALR3.SA,ALLIAR      ON      NM,16.31,2021-11-18,2021-11-26,8 days,44.06,2022-01-10,21 days,27.22,262.5,61.79,200.71,0.31,-13,16.84,129.64,-129.51,False,True
249,bov,AMBP3.SA,AMBIPAR     ON      NM,39.76,2021-10-29,2021-11-25,27 days,22.27,2022-01-18,13 days,13.2,48.15,59.3,11.16,5.84,14,9.06,101.57,64.72,False,False
250,bov,ARZZ3.SA,AREZZO CO   ON      NM,80.01,2021-01-14,2021-07-15,182 days,48.7,2022-01-10,21 days,17.93,11.54,36.81,25.27,1.52,161,30.77,85.36,19.11,False,True
251,bov,BPAN4.SA,BANCO PAN   PN      N1,10.31,2021-03-24,2021-06-23,91 days,88.8,2022-01-18,13 days,4.95,14.29,5.57,8.71,0.72,78,83.85,38.07,107.5,False,True
252,bov,BRSR6.SA,BANRISUL    PNB     N1,10.77,2021-03-24,2021-06-02,70 days,22.54,2021-12-22,40 days,15.13,57.14,67.13,9.99,7.47,30,7.41,37.83,24.7,False,True
253,bov,BKBR3.SA,BK BRASIL   ON      NM,6.42,2021-10-29,2021-11-11,13 days,21.63,2022-01-10,21 days,18.04,161.54,83.39,78.15,1.08,-8,3.59,85.89,-44.91,False,True
254,bov,CEAB3.SA,CEA MODAS   ON      NM,6.53,2021-03-09,2021-06-21,104 days,43.63,2022-01-18,13 days,20.61,12.5,47.24,34.74,1.4,91,23.02,158.53,25.29,False,False
255,bov,CESP6.SA,CESP        PNB     N1,22.98,2021-10-07,2021-11-03,27 days,11.48,2022-01-06,25 days,14.57,92.59,126.88,34.29,3.81,2,-3.09,58.27,-154.33,False,True
256,bov,BMGB4.SA,BANCO BMG   PN      N1,3.17,2021-05-14,2021-06-09,26 days,15.32,2021-12-01,61 days,20.75,234.62,135.4,99.22,1.38,-35,-5.42,34.01,15.5,False,True
257,bov,CSMG3.SA,COPASA      ON      NM,12.93,2021-03-09,2021-05-24,76 days,28.75,2022-01-10,21 days,11.07,27.63,38.49,10.86,3.9,55,17.69,52.71,32.16,False,True
258,bov,PNVL3.SA,DIMED       ON      NM,13.18,2021-05-20,2021-06-29,40 days,14.18,2022-01-06,25 days,18.44,62.5,130.02,67.52,1.95,15,-4.26,73.76,-28.39,False,False
259,bov,DIRR3.SA,DIRECIONAL  ON      NM,13.75,2021-10-29,2022-01-31,94 days,39.15,2022-01-10,21 days,26.51,22.34,67.7,45.36,1.53,73,12.64,126.23,17.32,False,True
260,bov,ECOR3.SA,ECORODOVIAS ON      NM,7.83,2021-03-09,2021-06-15,98 days,26.62,2022-01-05,26 days,11.43,26.53,42.95,16.42,2.79,72,15.19,43.97,21.09,False,True
261,bov,ENBR3.SA,ENERGIAS BR ON      NM,21.49,2021-08-05,2022-01-19,167 days,28.0,2022-01-06,25 days,8.21,14.97,29.34,14.37,2.19,142,19.78,32.85,13.93,False,True
262,bov,SOMA3.SA,GRUPO SOMA  ON      NM,14.37,2021-10-29,2021-11-19,21 days,14.14,2022-01-18,13 days,28.7,61.9,202.96,141.06,1.45,8,-14.56,220.81,-182.02,False,True
263,bov,HBSA3.SA,HIDROVIAS   ON      NM,2.95,2021-12-01,2021-12-28,27 days,26.55,2022-01-19,12 days,7.35,44.44,27.68,16.76,1.76,15,19.2,61.24,127.99,False,True
264,bov,LWSA3.SA,LOCAWEB     ON      NM,9.3,2021-06-07,2021-07-22,45 days,14.96,2022-01-18,13 days,9.84,28.89,65.8,36.92,1.83,32,5.12,75.73,15.99,False,True
265,bov,VAMO3.SA,VAMOS       ON      NM,12.25,2021-12-01,2021-12-15,14 days,20.66,2022-01-18,13 days,19.12,92.86,92.56,0.3,132.4,1,1.54,147.09,153.78,False,True
266,bov,RDOR3.SA,REDE D OR   ON      NM,44.54,2021-07-21,2021-08-24,34 days,13.89,2022-01-18,13 days,12.09,38.24,87.04,48.81,1.82,21,1.8,92.99,8.57,False,True
267,bov,NGRD3.SA,NEOGRID     ON      NM,3.0,2021-06-30,2021-07-06,6 days,22.02,2022-01-10,21 days,25.89,350.0,117.56,232.44,0.51,-15,-3.87,123.29,25.78,False,True
268,bov,TUPY3.SA,TUPY        ON      NM,20.69,2021-09-20,2021-11-11,52 days,14.03,2022-01-07,24 days,8.26,46.15,58.89,12.74,5.02,28,5.77,34.44,20.6,False,True
269,bov,SBSP3.SA,SABESP      ON      NM,36.7,2021-08-18,2021-12-30,134 days,22.22,2022-01-10,21 days,3.58,15.67,16.12,0.45,29.21,113,18.64,17.06,16.5,False,True
270,bov,CXSE3.SA,CAIXA SEGURION      NM,8.85,2021-10-07,2021-11-19,43 days,21.15,2022-01-05,26 days,10.38,60.47,49.07,11.4,4.72,17,10.77,39.91,63.37,False,False
271,bov,SIMH3.SA,SIMPAR      ON      NM,10.96,2021-12-01,2021-12-17,16 days,18.04,2022-01-18,13 days,16.3,81.25,90.35,9.1,11.15,3,1.74,125.41,58.03,False,True
272,bov,VIVA3.SA,VIVARA S.A. ON      NM,25.13,2021-08-17,2021-08-30,13 days,9.16,2022-01-10,21 days,13.62,161.54,148.63,12.91,12.48,-8,-4.46,64.86,55.71,False,True
273,bov,WIZS3.SA,WIZ S.A.    ON      NM,8.07,2021-03-10,2021-07-07,119 days,125.24,2022-01-18,13 days,12.12,10.92,9.68,1.25,39.49,106,113.12,93.25,106.71,False,True
274,bov,SULA3.SA,SUL AMERICA ON      N2,8.59,2021-10-06,2021-11-10,35 days,20.91,2022-01-24,7 days,5.78,20.0,27.66,7.66,4.15,28,15.12,82.63,54.01,False,True
275,bov,SAPR11.SA,SANEPAR     UNT     N2,19.62,2021-03-01,2021-03-25,24 days,13.02,2022-01-10,21 days,11.49,87.5,88.23,0.73,328.03,3,1.53,54.72,51.09,False,True
276,bov,SOJA3.SA,BOA SAFRA   ON      NM,14.17,2021-07-22,2021-12-30,161 days,20.96,2022-01-26,5 days,-0.51,3.11,-2.43,5.54,-0.54,156,21.47,-10.19,13.76,False,True
277,bov,PSSA3.SA,PORTO SEGUROON      NM,19.9,2021-07-27,2021-08-20,24 days,15.72,2022-01-24,7 days,3.06,29.17,19.46,9.71,2.23,17,12.66,43.68,74.46,False,True
278,bov,FRTA3.SA,POMIFRUTAS  ON      NM,4.9,2021-10-25,2021-12-20,56 days,7.28,2022-01-27,4 days,-0.39,7.14,-5.4,12.54,-0.47,52,7.67,-9.82,14.75,True,False
279,bov,CPFE3.SA,CPFL ENERGIAON      NM,28.51,2021-10-22,2022-01-31,101 days,14.52,2022-01-06,25 days,11.78,24.75,81.1,56.35,1.47,76,2.74,47.11,3.61,False,True
280,bov,BBSE3.SA,BBSEGURIDADEON      NM,23.03,2021-09-08,2021-11-09,62 days,20.24,2022-01-12,19 days,17.81,30.65,88.01,57.37,1.56,43,2.43,93.75,5.64,False,False
281,bov,RCSL3.SA,RECRUSUL    ON,3.96,2021-10-21,2022-01-03,74 days,29.6,2022-01-24,7 days,-1.03,9.46,-3.48,12.94,-0.29,67,30.64,-14.74,45.73,False,True
282,bov,EGIE3.SA,ENGIE BRASILON      NM,40.38,2021-08-05,2022-01-31,179 days,12.68,2022-01-06,25 days,7.18,13.97,56.65,42.68,1.36,154,5.5,28.73,3.57,False,True
283,bov,ODPV3.SA,ODONTOPREV  ON      NM,12.43,2021-03-10,2021-09-30,204 days,33.57,2022-01-10,21 days,3.94,10.29,11.72,1.43,27.24,183,29.63,18.74,16.19,False,True
284,bov,UGPA3.SA,ULTRAPAR    ON      NM,15.32,2021-11-04,2021-12-13,39 days,15.5,2022-01-18,13 days,17.92,33.33,115.63,82.3,1.42,26,-2.42,137.85,-9.32,False,False
285,bov,RANI3.SA,IRANI       ON      NM,6.4,2021-10-04,2021-10-18,14 days,18.39,2022-01-21,10 days,3.2,71.43,17.39,54.04,0.33,4,15.19,31.97,379.73,False,True
286,bov,DXCO3.SA,DEXCO       ON      NM,15.12,2021-08-18,2021-12-15,119 days,-2.47,2022-01-31,0 days,-19.88,0.0,805.08,805.08,1.0,119,17.41,-inf,14.63,False,False
287,bov,PETZ3.SA,PETZ        ON      NM,17.48,2021-07-28,2021-08-25,28 days,23.82,2022-01-05,26 days,20.91,92.86,87.78,5.08,21.52,2,2.91,80.41,145.55,False,True
288,bov,VBBR3.SA,VIBRA       ON      NM,22.67,2021-03-08,2021-07-05,119 days,39.93,2022-01-10,21 days,17.29,17.65,43.31,25.66,1.76,98,22.64,82.35,23.1,False,True
289,bov,CMIN3.SA,CSNMINERACAOON      N2,7.04,2021-03-25,2021-05-11,47 days,27.95,2021-11-05,87 days,34.34,185.11,122.84,62.26,2.01,-40,-6.39,39.47,15.96,True,False
290,bov,STBP3.SA,SANTOS BRP  ON      NM,6.82,2021-10-29,2022-01-31,94 days,32.71,2022-01-10,21 days,20.98,22.34,64.14,41.8,1.57,73,11.73,99.89,16.07,False,True
291,bov,GOAU4.SA,GERDAU MET  PN      N1,11.69,2021-11-10,2021-12-16,36 days,18.69,2022-01-06,25 days,3.75,69.44,20.05,49.4,0.41,11,14.94,14.98,135.82,False,True
292,bov,ESPA3.SA,ESPACOLASER ON      NM,6.16,2021-08-17,2021-09-06,20 days,16.06,2022-01-24,7 days,-0.78,35.0,-4.89,39.89,-0.13,13,16.85,-11.21,129.59,True,False
293,bov,UNIP6.SA,UNIPAR      PNB,93.33,2021-11-04,2021-12-30,56 days,42.45,2022-01-21,10 days,2.46,17.86,5.79,12.06,0.52,46,39.99,24.59,86.93,True,False
294,bov,PARD3.SA,IHPARDINI   ON      NM,22.66,2021-11-23,2022-01-31,69 days,21.15,2022-01-05,26 days,20.82,37.68,98.44,60.76,1.65,43,0.33,80.09,0.77,False,True
295,commodities,GC=F,Gold Apr 22,1797.8,2021-09-29,2021-11-17,49 days,7.56,2021-12-02,60 days,1.05,122.45,13.96,108.49,0.13,-11,6.5,1.76,-59.12,True,False
296,commodities,MGC=F,"Micro Gold Futures,Apr-2022",1797.8,2021-09-29,2021-11-17,49 days,7.58,2021-12-02,60 days,1.06,122.45,13.92,108.53,0.13,-11,6.53,1.76,-59.32,True,False
297,commodities,PL=F,Platinum Apr 22,1019.0,2021-09-20,2021-11-15,56 days,17.04,2021-12-15,47 days,12.02,83.93,70.57,13.36,5.71,9,5.02,25.58,55.72,False,True
298,commodities,PA=F,Palladium Mar 22,2406.5,2021-09-29,2022-01-31,124 days,29.86,2021-12-15,47 days,41.39,37.9,138.59,100.69,1.39,77,-11.52,88.06,-14.97,False,True
299,commodities,CL=F,Crude Oil Mar 22,87.51,2021-08-23,2022-01-31,161 days,36.87,2021-12-01,61 days,28.76,37.89,78.03,40.14,1.99,100,8.1,47.15,8.1,False,True
300,commodities,HO=F,Heating Oil Feb 22,2.8,2021-08-23,2022-01-31,161 days,40.71,2021-11-30,62 days,26.97,38.51,66.24,27.73,2.48,99,13.74,43.5,13.88,False,True
301,commodities,NG=F,Natural Gas Mar 22,4.82,2021-04-06,2021-10-05,182 days,96.89,2021-12-30,32 days,34.16,17.58,35.25,17.67,2.11,150,62.73,106.74,41.82,False,True
302,commodities,RB=F,RBOB Gasoline Feb 22,2.57,2021-09-09,2022-01-31,144 days,21.0,2021-12-01,61 days,26.61,42.36,126.7,84.34,1.52,83,-5.61,43.62,-6.76,False,True
303,commodities,BZ=F,Brent Crude Oil Last Day Financ,91.23,2021-08-23,2022-01-31,161 days,35.98,2021-12-01,61 days,26.3,37.89,73.1,35.21,2.14,100,9.68,43.12,9.68,False,True
304,commodities,ZC=F,"Corn Futures,Mar-2022",638.25,2020-08-07,2021-05-07,273 days,93.44,2021-09-13,140 days,24.68,51.28,26.41,24.88,1.11,133,68.77,17.63,51.71,False,True
305,commodities,ZO=F,"Oat Futures,Mar-2022",710.0,2021-05-28,2021-11-19,175 days,74.74,2022-01-14,17 days,13.6,9.71,18.19,8.48,2.43,158,61.15,79.99,38.7,False,False
306,commodities,KE=F,"KC HRW Wheat Futures,Mar-2022",805.0,2021-09-10,2021-11-23,74 days,26.87,2022-01-14,17 days,6.07,22.97,22.6,0.37,36.14,57,20.8,35.72,36.49,False,True
307,commodities,ZR=F,"Rough Rice Futures,Mar-2022",1497.5,2021-11-08,2022-01-26,79 days,12.82,2021-12-15,44 days,8.9,55.7,69.46,13.76,5.44,35,3.92,20.24,11.19,False,True
308,commodities,ZM=F,"Soybean Meal Futures,Mar-2022",414.9,2021-04-13,2021-05-12,29 days,11.7,2021-10-12,111 days,29.5,382.76,252.1,130.66,1.94,-82,-17.8,26.58,21.7,False,True
309,commodities,ZL=F,"Soybean Oil Futures,Mar-2022",66.03,2021-09-20,2022-01-31,133 days,17.43,2021-12-14,48 days,22.02,36.09,126.36,90.27,1.42,85,-4.59,45.88,-5.41,False,True
310,commodities,ZS=F,"Soybean Futures,Mar-2022",1487.25,2020-08-10,2021-05-12,275 days,66.25,2021-11-08,84 days,22.58,30.55,34.09,3.54,13.42,191,43.67,26.88,22.86,False,False
311,commodities,GF=F,"Feeder Cattle Futures,Mar-2022",158.66,2021-10-01,2021-11-26,56 days,8.43,2022-01-28,0 days,-0.17,0.0,-1.98,1.98,-2.02,56,8.6,-inf,15.35,True,False
312,commodities,HE=F,"Lean Hogs Futures,Feb-2022",87.93,2021-09-14,2021-10-01,17 days,13.58,2021-12-08,51 days,21.02,300.0,154.8,145.2,1.07,-34,-7.44,41.22,21.89,False,True
313,commodities,LE=F,"Live Cattle Futures,Feb-2022",138.7,2020-10-28,2021-12-29,427 days,29.98,2021-06-01,241 days,18.79,56.44,62.67,6.23,11.98,186,11.19,7.8,6.02,False,True
314,commodities,CC=F,Cocoa Mar 22,2497.0,2021-07-19,2021-10-05,78 days,17.91,2021-11-30,62 days,7.95,79.49,44.41,35.08,1.3,16,9.96,12.83,62.24,True,False
315,commodities,KC=F,Coffee Mar 22,236.55,2021-09-22,2021-12-06,75 days,32.55,2022-01-03,28 days,4.83,37.33,14.85,22.48,0.69,47,27.72,17.27,58.97,False,True
316,commodities,LBS=F,Lumber Mar 22,1024.9,2021-11-16,2022-01-18,63 days,91.81,2022-01-27,1 days,1.65,1.59,1.79,0.21,2.26,62,90.17,164.73,145.43,True,False
317,etf,ECOO11.SA,ISHARES ECOOCI,100.43,2021-03-08,2021-06-07,91 days,11.1,2022-01-10,21 days,10.3,23.08,92.78,69.71,1.35,70,0.8,49.05,1.14,False,True
318,etf,IVVB11.SA,ISHARE SP500CI,258.45,2020-12-17,2021-12-29,377 days,39.78,2022-01-27,4 days,0.74,1.06,1.87,0.81,9.62,373,39.04,18.57,10.47,True,False
319,etf,MATB11.SA,IT NOW IMAT CI,61.5,2021-06-17,2021-07-13,26 days,7.02,2021-11-05,87 days,19.59,334.62,278.96,55.65,5.1,-61,-12.57,22.52,20.61,False,True
320,etf,XINA11.SA,TREND CHINA CI,7.96,2021-07-27,2021-10-21,86 days,11.85,2022-01-31,0 days,0.51,0.0,4.26,4.26,1.31,86,11.34,inf,13.19,True,False
321,etf,GOLD11.SA,TREND OURO  CI,10.26,2021-07-02,2021-11-19,140 days,15.02,2022-01-31,0 days,-0.1,0.0,-0.65,0.65,-1.84,140,15.12,-inf,10.8,False,False
322,etf,SPXI11.SA,IT NOW SPXI CI,252.35,2020-09-21,2021-12-29,464 days,45.26,2022-01-27,4 days,0.48,0.86,1.05,0.19,1.3,460,44.78,11.92,9.74,True,False
323,etf,BCHI39.SA,MSCI CHINA  DRN,40.8,2021-07-27,2021-10-21,86 days,12.99,2022-01-28,3 days,0.44,3.49,3.41,0.07,3.69,83,12.54,14.78,15.11,True,False
324,etf,BIAU39.SA,GOLD TRUST  DRN,45.73,2021-07-02,2022-01-05,187 days,13.59,2022-01-31,0 days,-0.2,0.0,-1.45,1.45,-3.25,187,13.79,-inf,7.37,False,False
325,futures,GC=F,Gold Apr 22,1797.1,2021-09-29,2021-11-17,49 days,7.56,2021-12-02,60 days,1.02,122.45,13.44,109.01,0.12,-11,6.54,1.69,-59.48,True,False
326,futures,MGC=F,"Micro Gold Futures,Apr-2022",1797.2,2021-09-29,2021-11-17,49 days,7.58,2021-12-02,60 days,1.02,122.45,13.47,108.97,0.12,-11,6.56,1.7,-59.63,True,False
327,futures,PL=F,Platinum Apr 22,1020.3,2021-09-20,2021-11-15,56 days,17.04,2021-12-15,47 days,12.15,83.93,71.33,12.6,6.15,9,4.89,25.86,54.29,False,True
328,futures,ZC=F,"Corn Futures,Mar-2022",638.25,2020-08-07,2021-05-07,273 days,93.44,2021-09-13,140 days,24.68,51.28,26.41,24.88,1.11,133,68.77,17.63,51.71,False,True
329,futures,ZO=F,"Oat Futures,Mar-2022",710.0,2021-05-28,2021-11-19,175 days,74.74,2022-01-14,17 days,13.6,9.71,18.19,8.48,2.43,158,61.15,79.99,38.7,False,False
330,futures,KE=F,"KC HRW Wheat Futures,Mar-2022",805.0,2021-09-10,2021-11-23,74 days,26.87,2022-01-14,17 days,6.07,22.97,22.6,0.37,36.14,57,20.8,35.72,36.49,False,True
331,futures,ZR=F,"Rough Rice Futures,Mar-2022",1497.5,2021-11-08,2022-01-26,79 days,12.82,2021-12-15,44 days,8.9,55.7,69.46,13.76,5.44,35,3.92,20.24,11.19,False,True
332,futures,ZM=F,"Soybean Meal Futures,Mar-2022",414.9,2021-04-13,2021-05-12,29 days,11.7,2021-10-12,111 days,29.5,382.76,252.1,130.66,1.94,-82,-17.8,26.58,21.7,False,True
333,futures,ZL=F,"Soybean Oil Futures,Mar-2022",66.03,2021-09-20,2022-01-31,133 days,17.43,2021-12-14,48 days,22.02,36.09,126.36,90.27,1.42,85,-4.59,45.88,-5.41,False,True
334,futures,ZS=F,"Soybean Futures,Mar-2022",1487.25,2020-08-10,2021-05-12,275 days,66.25,2021-11-08,84 days,22.58,30.55,34.09,3.54,13.42,191,43.67,26.88,22.86,False,False
335,futures,HE=F,"Lean Hogs Futures,Feb-2022",87.93,2021-09-14,2021-10-01,17 days,13.58,2021-12-08,51 days,21.02,300.0,154.8,145.2,1.07,-34,-7.44,41.22,21.89,False,True
336,futures,LE=F,"Live Cattle Futures,Feb-2022",138.7,2020-10-28,2021-12-29,427 days,29.98,2021-06-01,241 days,18.79,56.44,62.67,6.23,11.98,186,11.19,7.8,6.02,False,True
337,futures,CC=F,Cocoa Mar 22,2501.0,2021-07-19,2021-10-05,78 days,17.91,2021-11-30,62 days,8.11,79.49,45.3,34.18,1.37,16,9.8,13.09,61.23,True,False
338,futures,KC=F,Coffee Mar 22,236.55,2021-09-22,2021-12-06,75 days,32.55,2022-01-03,28 days,4.83,37.33,14.85,22.48,0.69,47,27.72,17.27,58.97,False,True
339,futures,LBS=F,Lumber Mar 22,1024.9,2021-11-16,2022-01-18,63 days,91.81,2022-01-27,1 days,1.65,1.59,1.79,0.21,2.26,62,90.17,164.73,145.43,True,False
340,futures,DX-Y.NYB,US Dollar/USDX - Index - Cash,96.89,2021-01-05,2022-01-28,388 days,8.05,2021-05-25,251 days,7.65,64.69,95.04,30.35,3.24,137,0.4,3.05,0.29,False,True
341,futures,CL=F,Crude Oil Mar 22,87.44,2021-08-23,2022-01-31,161 days,36.78,2021-12-01,61 days,28.68,37.89,77.98,40.09,1.99,100,8.1,47.02,8.1,False,True
342,futures,BZ=F,Brent Crude Oil Last Day Financ,91.23,2021-08-23,2022-01-31,161 days,35.98,2021-12-01,61 days,26.3,37.89,73.1,35.21,2.14,100,9.68,43.12,9.68,False,True
343,futures,GF=F,"Feeder Cattle Futures,Mar-2022",158.66,2021-10-01,2021-11-26,56 days,8.43,2022-01-28,0 days,-0.17,0.0,-1.98,1.98,-2.02,56,8.6,-inf,15.35,True,False
344,futures,HG=F,Copper Mar 22,4.3,2021-08-19,2021-10-20,62 days,15.17,2021-12-15,47 days,1.39,75.81,9.16,66.65,0.14,15,13.78,2.96,91.85,True,False
345,futures,HO=F,Heating Oil Feb 22,2.8,2021-08-23,2022-01-31,161 days,40.72,2021-11-30,62 days,26.98,38.51,66.25,27.74,2.48,99,13.74,43.51,13.88,False,True
346,futures,NG=F,Natural Gas Mar 22,4.78,2021-04-06,2021-10-05,182 days,96.89,2021-12-30,32 days,33.34,17.58,34.41,16.83,2.17,150,63.55,104.18,42.37,False,True
347,futures,NQ=F,Nasdaq 100 Mar 22,14486.25,2021-10-04,2021-11-19,46 days,11.72,2022-01-27,4 days,2.35,8.7,20.02,11.33,1.94,42,9.37,58.66,22.31,True,False
348,futures,PA=F,Palladium Mar 22,2436.5,2021-09-29,2022-01-31,124 days,31.13,2021-12-15,47 days,42.65,37.9,137.02,99.12,1.4,77,-11.52,90.75,-14.97,False,True
349,futures,RB=F,RBOB Gasoline Feb 22,2.57,2021-09-09,2022-01-31,144 days,20.95,2021-12-01,61 days,26.56,42.36,126.77,84.41,1.52,83,-5.61,43.53,-6.76,False,True
350,futures,RTY=F,E-mini Russell 2000 Index Futur,1954.9,2021-08-19,2021-11-08,81 days,12.89,2022-01-27,4 days,-0.86,4.94,-6.68,11.62,-0.63,77,13.75,-21.52,17.86,True,False
351,futures,SB=F,Sugar #11 Mar 22,18.15,2021-09-27,2021-11-17,51 days,7.12,2022-01-13,18 days,-0.96,35.29,-13.47,48.76,-0.28,33,8.08,-5.33,24.48,True,False
352,futures,SI=F,Silver Mar 22,22.53,2021-09-29,2021-11-12,44 days,12.67,2021-12-15,47 days,3.48,106.82,27.49,79.33,0.35,-3,9.19,7.41,-306.2,True,False
353,futures,SIL=F,"Micro Silver Futures,Mar-2022",22.53,2021-09-29,2021-11-12,44 days,12.67,2021-12-15,47 days,3.5,106.82,27.67,79.15,0.35,-3,9.16,7.46,-305.45,True,False
354,futures,YM=F,Mini Dow Jones Indus.-$5 Mar 22,34466.0,2021-09-30,2022-01-04,96 days,7.05,2022-01-27,4 days,1.21,4.17,17.21,13.05,1.43,92,5.84,30.33,6.34,True,False
355,futures,ZB=F,"U.S. Treasury Bond Futures,Mar-",155.12,2021-10-11,2021-12-03,53 days,5.0,2022-01-18,13 days,-0.12,24.53,-2.46,26.99,-0.09,40,5.13,-0.95,12.82,True,False
356,futures,ZF=F,Five-Year US Treasury Note Futu,119.12,2021-07-13,2021-08-03,21 days,0.67,2022-01-27,4 days,0.02,19.05,2.98,16.07,0.2,17,0.65,0.5,3.81,True,False
357,futures,CT=F,Cotton Mar 22,126.1,2021-09-21,2022-01-31,132 days,35.55,2021-12-20,42 days,16.49,31.82,46.37,14.55,3.42,90,19.07,39.25,21.19,False,True
358,futures,ES=F,E-Mini S&P 500 Mar 22,4416.5,2020-11-03,2022-01-03,426 days,38.18,2022-01-27,4 days,1.74,0.94,4.57,3.63,1.74,422,36.44,43.59,8.63,True,False
359,futures,ZN=F,"10-Year T-Note Futures,Mar-2022",127.78,2021-03-31,2021-08-02,124 days,2.89,2022-01-18,13 days,-0.31,10.48,-10.79,21.28,-0.53,111,3.2,-2.4,2.88,True,False
360,futures,ZT=F,"2-Year T-Note Futures,Mar-2022",108.28,2021-08-24,2021-09-03,10 days,0.07,2022-01-27,4 days,-0.19,40.0,-264.27,304.27,-0.87,6,0.26,-4.68,4.3,True,False
361,futures,BTC=F,"Bitcoin Futures,Feb-2022",37345.0,2021-09-29,2021-11-09,41 days,51.3,2022-01-27,4 days,0.94,9.76,1.83,7.92,0.26,37,50.36,23.5,136.11,True,False
